<?xml version="1.0" encoding="UTF-8" ?>
<product  xmlns="http://www.ibm.com/maximo/product.xml">
	<name>Catalog Shopping for Maximo by Asset Partners</name>
	<version>
		<major>8</major>
		<minor>0</minor>
		<modlevel>0</modlevel>
		<patch>0</patch>
		<build>240515-8015</build>
	</version>
	<dbmaxvarname>APPUNCHOUT</dbmaxvarname>
	<dbscripts>appunchout</dbscripts>
	<dbversion>V8000-07</dbversion>
	<lastdbversion>V8000-00</lastdbversion>
	<extensions>
		
	</extensions>
</product>
