<?xml version="1.0" encoding="UTF-8"?>
<control-registry basedir="webclient/controls" package="psdi.webclient.controls" 
		xsi:noNamespaceSchemaLocation='../control-registry.xsd'
		xmlns:xsi="http://www.w3.org/2001/XMLSchema-instance"
		xmlns:xsd="http://www.w3.org/2001/XMLSchema">
		<control-descriptor name="punchout">
			<property-list>
				<property name="classname" />
				<property name="datasrc">
					<flag name="nonconditional" />
					<flag name="global" />
				</property>
				<property name="display">
					<flag name="global" />
					<default-value>true</default-value>
				</property>
				<property name="id">
					<flag name="final" />
				</property>
				<property name="innerhtml">
					<flag name="translatable" />
				</property>
				<property name="label">
					<flag name="translatable" />
				</property>
				<property name="labelcss" />
				<property name="licensekey">
					<flag name="final" />
				</property>
				<property name="sigoption">
					<flag name="nonconditional" />
					<flag name="final" />
				</property>
				<property name="sigoptiondatasrc">
					<flag name="nonconditional" />
					<flag name="final" />
				</property>
				<property name="textcss">
					<flag name="global" />
					<flag name="final" />
					<default-value>text</default-value>
				</property>
				<property name="hidewhen" />
			</property-list>
			<component-list>
				<components id="${name}_components_v" layout="vertical" hidewhen="@{hidewhen}">
					<components id="${name}_components_h" layout="horizontal">
						<punchout id="${name}_punchout" cssclass="@{classname}" innerhtml="@{innerhtml}"  textcss="@{textcss}" />
					</components>
				</components>
			</component-list>
			<containers>
				<container name="clientarea" />
				<container name="dialog" />
				<container name="section" />
				<container name="sectioncol" />
				<container name="tab" />
			</containers>
		</control-descriptor>
		
</control-registry>